<?xml version="1.0" encoding="UTF-8"?>
<project-private xmlns="http://www.netbeans.org/ns/project-private/1">
    <editor-bookmarks xmlns="http://www.netbeans.org/ns/editor-bookmarks/2" lastBookmarkId="0"/>
    <open-files xmlns="http://www.netbeans.org/ns/projectui-open-files/2">
        <group>
            <file>file:/C:/Users/JAVIER/Documents/0%20MILCHO/UPIITA/CUARTO/BASES%20DE%20DATOS/Interfaz/Horario/src/horario/GeneradorHorario.java</file>
            <file>file:/C:/Users/JAVIER/Documents/0%20MILCHO/UPIITA/CUARTO/BASES%20DE%20DATOS/Interfaz/Horario/src/horario/Principal.java</file>
            <file>file:/C:/Users/JAVIER/Documents/0%20MILCHO/UPIITA/CUARTO/BASES%20DE%20DATOS/Interfaz/Horario/src/horario/Kardex.java</file>
            <file>file:/C:/Users/JAVIER/Documents/0%20MILCHO/UPIITA/CUARTO/BASES%20DE%20DATOS/Interfaz/Horario/src/horario/RegistrarUsuario.java</file>
            <file>file:/C:/Users/JAVIER/Documents/0%20MILCHO/UPIITA/CUARTO/BASES%20DE%20DATOS/Interfaz/Horario/src/horario/Menu.java</file>
        </group>
    </open-files>
</project-private>
